1.0,60.0,0.0,1.0,60.0,0.0,1.0,60.0,0.0,1.0,60.0,0.0,1.0,60.0,0.0,1.0,60.0,0.0,1.0,60.0,0.0,1.0,60.0,0.0,1.0,60.0,0.0,1.0,60.0,0.0,1.0,60.0,0.0,60.0,0.0,0.0,0.0,1.0,60.0,0.0,60.0,0.0,0.0,0.0,1.0,60.0,0.0,60.0,0.0,0.0,0.0,1.0,60.0,0.0,60.0,0.0,0.0,0.0,1.0,60.0,0.0,60.0,0.0,0.0,0.0,1.0,1505913559.40239,0.0,1.0,1505913559.40239,0.0,1.0,1505913559.40239,0.0,1.0,1505913559.40239,0.0,1.0,1505913559.40239,0.0,1.0,60.0,0.0,60.0,0.0,0.0,0.0,1.0,60.0,0.0,60.0,0.0,0.0,0.0,1.0,60.0,0.0,60.0,0.0,0.0,0.0,1.0,60.0,0.0,60.0,0.0,0.0,0.0,1.0,60.0,0.0,60.0,0.0,0.0,0.0
1.0,60.0,0.0,1.0,60.0,0.0,1.0,60.0,0.0,1.0,60.0,0.0,1.0,60.0,0.0,1.0,60.0,0.0,1.0,60.0,0.0,1.0,60.0,0.0,1.0,60.0,0.0,1.0,60.0,0.0,1.0,60.0,0.0,60.0,0.0,0.0,0.0,1.0,60.0,0.0,60.0,0.0,0.0,0.0,1.0,60.0,0.0,60.0,0.0,0.0,0.0,1.0,60.0,0.0,60.0,0.0,0.0,0.0,1.0,60.0,0.0,60.0,0.0,0.0,0.0,1.0,1505913429.6246948,0.0,1.0,1505913429.6246948,0.0,1.0,1505913429.6246948,0.0,1.0,1505913429.6246948,0.0,1.0,1505913429.6246948,0.0,1.0,60.0,0.0,60.0,0.0,0.0,0.0,1.0,60.0,0.0,60.0,0.0,0.0,0.0,1.0,60.0,0.0,60.0,0.0,0.0,0.0,1.0,60.0,0.0,60.0,0.0,0.0,0.0,1.0,60.0,0.0,60.0,0.0,0.0,0.0
1.0,60.0,0.0,1.0,60.0,0.0,1.0,60.0,0.0,1.0,60.0,0.0,1.0,60.0,0.0,1.0,60.0,0.0,1.0,60.0,0.0,1.0,60.0,0.0,1.0,60.0,0.0,1.0,60.0,0.0,1.0,60.0,0.0,60.0,0.0,0.0,0.0,1.0,60.0,0.0,60.0,0.0,0.0,0.0,1.0,60.0,0.0,60.0,0.0,0.0,0.0,1.0,60.0,0.0,60.0,0.0,0.0,0.0,1.0,60.0,0.0,60.0,0.0,0.0,0.0,1.0,1505913570.952812,0.0,1.0,1505913570.952812,0.0,1.0,1505913570.952812,0.0,1.0,1505913570.952812,0.0,1.0,1505913570.952812,0.0,1.0,60.0,0.0,60.0,0.0,0.0,0.0,1.0,60.0,0.0,60.0,0.0,0.0,0.0,1.0,60.0,0.0,60.0,0.0,0.0,0.0,1.0,60.0,0.0,60.0,0.0,0.0,0.0,1.0,60.0,0.0,60.0,0.0,0.0,0.0
1.0,60.0,0.0,1.0,60.0,0.0,1.0,60.0,0.0,1.0,60.0,0.0,1.0,60.0,0.0,1.0,60.0,0.0,1.0,60.0,0.0,1.0,60.0,0.0,1.0,60.0,0.0,1.0,60.0,0.0,1.0,60.0,0.0,60.0,0.0,0.0,0.0,1.0,60.0,0.0,60.0,0.0,0.0,0.0,1.0,60.0,0.0,60.0,0.0,0.0,0.0,1.0,60.0,0.0,60.0,0.0,0.0,0.0,1.0,60.0,0.0,60.0,0.0,0.0,0.0,1.0,1505913455.7783554,0.0,1.0,1505913455.7783554,0.0,1.0,1505913455.7783554,0.0,1.0,1505913455.7783554,0.0,1.0,1505913455.7783554,0.0,1.0,60.0,0.0,60.0,0.0,0.0,0.0,1.0,60.0,0.0,60.0,0.0,0.0,0.0,1.0,60.0,0.0,60.0,0.0,0.0,0.0,1.0,60.0,0.0,60.0,0.0,0.0,0.0,1.0,60.0,0.0,60.0,0.0,0.0,0.0
1.0,60.0,0.0,1.0,60.0,0.0,1.0,60.0,0.0,1.0,60.0,0.0,1.0,60.0,0.0,1.0,60.0,0.0,1.0,60.0,0.0,1.0,60.0,0.0,1.0,60.0,0.0,1.0,60.0,0.0,1.0,60.0,0.0,60.0,0.0,0.0,0.0,1.0,60.0,0.0,60.0,0.0,0.0,0.0,1.0,60.0,0.0,60.0,0.0,0.0,0.0,1.0,60.0,0.0,60.0,0.0,0.0,0.0,1.0,60.0,0.0,60.0,0.0,0.0,0.0,1.0,1505913461.662398,0.0,1.0,1505913461.662398,0.0,1.0,1505913461.662398,0.0,1.0,1505913461.662398,0.0,1.0,1505913461.662398,0.0,1.0,60.0,0.0,60.0,0.0,0.0,0.0,1.0,60.0,0.0,60.0,0.0,0.0,0.0,1.0,60.0,0.0,60.0,0.0,0.0,0.0,1.0,60.0,0.0,60.0,0.0,0.0,0.0,1.0,60.0,0.0,60.0,0.0,0.0,0.0
96.03891772160549,74.11286145365108,2.6959372410192373,118.20683841742364,74.14070820274691,3.3595915866144423,155.38312321345165,74.38404038863509,111.13153401205636,832.0872141440234,78.12272376517656,2979.70776962562,5574.056393238324,76.68922313761377,1711.2560448162585,96.03891772160549,74.11286145365108,2.6959372410192373,118.20683841742364,74.14070820274691,3.3595915866144423,155.38312321345165,74.38404038863509,111.13153401205636,832.0872141440234,78.12272376517656,2979.70776962562,5574.056393238324,76.68922313761377,1711.2560448162585,1.0,74.0,0.0,74.0,0.0,0.0,0.0,1.0,74.0,0.0,74.0,0.0,0.0,0.0,1.0,74.0,0.0,74.0,0.0,0.0,0.0,1.0,74.0,0.0,74.0,0.0,0.0,0.0,1.0,74.0,0.0,74.0,0.0,0.0,0.0,1.0,1505912909.409899,0.0,1.0,1505912909.409899,0.0,1.0,1505912909.409899,0.0,1.0,1505912909.409899,0.0,1.0,1505912909.409899,0.0,1.0,74.0,0.0,74.0,0.0,0.0,0.0,1.0,74.0,0.0,74.0,0.0,0.0,0.0,1.0,74.0,0.0,74.0,0.0,0.0,0.0,1.0,74.0,0.0,74.0,0.0,0.0,0.0,1.0,74.0,0.0,74.0,0.0,0.0,0.0
34.91243899708255,74.32583950164002,154.99607908039434,68.58619680953738,75.4425948160714,1080.2433050945183,212.78993778640069,80.24262598436668,5042.767913259751,1060.5767093290744,78.91204431504805,3571.040077821688,2954.37771366525,76.61998668120648,1607.6786133438727,34.91243899708255,74.32583950164002,154.99607908039434,68.58619680953738,75.4425948160714,1080.2433050945183,212.78993778640069,80.24262598436668,5042.767913259751,1060.5767093290744,78.91204431504805,3571.040077821688,2954.37771366525,76.61998668120648,1607.6786133438727,1.0000300597109155,74.0,9.5367431640625e-07,74.0,9.094947017729282e-13,0.0,0.0,1.0019354897681745,74.0,0.0,74.0,0.0,0.0,0.0,1.124622643685084,74.0,0.0,74.0,0.0,0.0,0.0,1.8120068557518163,74.0,0.0,74.0,0.0,0.0,0.0,1.9793906860802744,74.0,0.0,74.0,0.0,0.0,0.0,1.0000300597109155,45268.94761285397,68164515093204.03,1.0019354897681745,2909051.4192830506,4372310729566967.0,1.124622643685084,166874498.57169837,2.234513443738312e+17,1.8120068557518163,674838250.6590081,5.608409058023835e+17,1.9793906860802744,745116667.9634305,5.668818912519446e+17,1.0000300597109155,74.0,9.5367431640625e-07,74.0,9.094947017729282e-13,0.0,0.0,1.0019354897681745,74.0,0.0,74.0,0.0,0.0,0.0,1.124622643685084,74.0,0.0,74.0,0.0,0.0,0.0,1.8120068557518163,74.0,0.0,74.0,0.0,0.0,0.0,1.9793906860802744,74.0,0.0,74.0,0.0,0.0,0.0
1.0,60.0,0.0,1.0,60.0,0.0,1.0,60.0,0.0,1.0,60.0,0.0,1.0,60.0,0.0,1.0,60.0,0.0,1.0,60.0,0.0,1.0,60.0,0.0,1.0,60.0,0.0,1.0,60.0,0.0,1.0,60.0,0.0,60.0,0.0,0.0,0.0,1.0,60.0,0.0,60.0,0.0,0.0,0.0,1.0,60.0,0.0,60.0,0.0,0.0,0.0,1.0,60.0,0.0,60.0,0.0,0.0,0.0,1.0,60.0,0.0,60.0,0.0,0.0,0.0,1.0,1505913424.8987188,0.0,1.0,1505913424.8987188,0.0,1.0,1505913424.8987188,0.0,1.0,1505913424.8987188,0.0,1.0,1505913424.8987188,0.0,1.0,60.0,0.0,60.0,0.0,0.0,0.0,1.0,60.0,0.0,60.0,0.0,0.0,0.0,1.0,60.0,0.0,60.0,0.0,0.0,0.0,1.0,60.0,0.0,60.0,0.0,0.0,0.0,1.0,60.0,0.0,60.0,0.0,0.0,0.0
1.0,60.0,0.0,1.0,60.0,0.0,1.0,60.0,0.0,1.0,60.0,0.0,1.0,60.0,0.0,1.0,60.0,0.0,1.0,60.0,0.0,1.0,60.0,0.0,1.0,60.0,0.0,1.0,60.0,0.0,1.0,60.0,0.0,60.0,0.0,0.0,0.0,1.0,60.0,0.0,60.0,0.0,0.0,0.0,1.0,60.0,0.0,60.0,0.0,0.0,0.0,1.0,60.0,0.0,60.0,0.0,0.0,0.0,1.0,60.0,0.0,60.0,0.0,0.0,0.0,1.0,1505913470.258709,0.0,1.0,1505913470.258709,0.0,1.0,1505913470.258709,0.0,1.0,1505913470.258709,0.0,1.0,1505913470.258709,0.0,1.0,60.0,0.0,60.0,0.0,0.0,0.0,1.0,60.0,0.0,60.0,0.0,0.0,0.0,1.0,60.0,0.0,60.0,0.0,0.0,0.0,1.0,60.0,0.0,60.0,0.0,0.0,0.0,1.0,60.0,0.0,60.0,0.0,0.0,0.0
1.0,60.0,0.0,1.0,60.0,0.0,1.0,60.0,0.0,1.0,60.0,0.0,1.0,60.0,0.0,1.0,60.0,0.0,1.0,60.0,0.0,1.0,60.0,0.0,1.0,60.0,0.0,1.0,60.0,0.0,1.0,60.0,0.0,60.0,0.0,0.0,0.0,1.0,60.0,0.0,60.0,0.0,0.0,0.0,1.0,60.0,0.0,60.0,0.0,0.0,0.0,1.0,60.0,0.0,60.0,0.0,0.0,0.0,1.0,60.0,0.0,60.0,0.0,0.0,0.0,1.0,1505913577.289825,0.0,1.0,1505913577.289825,0.0,1.0,1505913577.289825,0.0,1.0,1505913577.289825,0.0,1.0,1505913577.289825,0.0,1.0,60.0,0.0,60.0,0.0,0.0,0.0,1.0,60.0,0.0,60.0,0.0,0.0,0.0,1.0,60.0,0.0,60.0,0.0,0.0,0.0,1.0,60.0,0.0,60.0,0.0,0.0,0.0,1.0,60.0,0.0,60.0,0.0,0.0,0.0
1.0,60.0,0.0,1.0,60.0,0.0,1.0,60.0,0.0,1.0,60.0,0.0,1.0,60.0,0.0,1.0,60.0,0.0,1.0,60.0,0.0,1.0,60.0,0.0,1.0,60.0,0.0,1.0,60.0,0.0,1.0,60.0,0.0,60.0,0.0,0.0,0.0,1.0,60.0,0.0,60.0,0.0,0.0,0.0,1.0,60.0,0.0,60.0,0.0,0.0,0.0,1.0,60.0,0.0,60.0,0.0,0.0,0.0,1.0,60.0,0.0,60.0,0.0,0.0,0.0,1.0,1505913473.523498,0.0,1.0,1505913473.523498,0.0,1.0,1505913473.523498,0.0,1.0,1505913473.523498,0.0,1.0,1505913473.523498,0.0,1.0,60.0,0.0,60.0,0.0,0.0,0.0,1.0,60.0,0.0,60.0,0.0,0.0,0.0,1.0,60.0,0.0,60.0,0.0,0.0,0.0,1.0,60.0,0.0,60.0,0.0,0.0,0.0,1.0,60.0,0.0,60.0,0.0,0.0,0.0
127.39049104974066,74.01490957999695,0.4052325867196487,222.39272222057315,74.0321698794611,2.191949779577044,601.3541302640955,74.1644131200196,31.29989262789968,6394.3163813614965,74.16705669026739,52.57846112782226,32475.84489361188,74.31304196582714,193.0325331690319,127.39049104974066,74.01490957999695,0.4052325867196487,222.39272222057315,74.0321698794611,2.191949779577044,601.3541302640955,74.1644131200196,31.29989262789968,6394.3163813614965,74.16705669026739,52.57846112782226,32475.84489361188,74.31304196582714,193.0325331690319,127.31233939863482,73.99999999999993,3.3036247397782844e-06,95.26804291051631,1.0998871059607903e-11,2.0338209641060408e-27,5.270797043073553e-16,222.14605610866408,73.99999999999996,1.9073486328125e-06,95.2680429105164,5.144878968614994e-12,-8.62244692893858e-28,-2.3701201645623576e-16,599.8868558612021,73.99999999935706,9.491335533559464e-05,95.26804291001709,9.008546409865126e-09,-1.215481913860721e-22,-5.725847050076878e-13,6371.024197902024,73.99928201194206,0.1002562585769127,95.26748521023814,0.0100513173838407,8.299307524260315e-17,1.59815636680884e-10,32371.96891266128,73.99848973750049,0.1454008050392182,95.26686981018534,0.0211413941060527,1.4414698650983055e-16,8.283204636493596e-11,127.3123393986348,0.0023992046295692,7.975255656139424e-05,222.14605610866408,0.0022484458495758,8.829674795156044e-05,599.8868558612032,0.0025693320390407,0.000616444900084,6371.024197902114,659.1042362776412,992550644391.096,32371.96891266024,25832.55375043665,38900942366914.82,1.0,74.0,0.0,95.26804291051644,0.0,0.0,0.0,1.0,74.0,0.0,95.26804291051644,0.0,0.0,0.0,1.0,74.0,0.0,95.26804291051644,0.0,0.0,0.0,1.020984326922283,74.0,0.0,95.26804291051644,0.0,0.0,0.0,1.679500067744005,74.0,9.5367431640625e-07,95.26804291051644,9.094947017729282e-13,0.0,0.0
1.0,60.0,0.0,1.0,60.0,0.0,1.0,60.0,0.0,1.0,60.0,0.0,1.0,60.0,0.0,1.0,60.0,0.0,1.0,60.0,0.0,1.0,60.0,0.0,1.0,60.0,0.0,1.0,60.0,0.0,1.0,60.0,0.0,60.0,0.0,0.0,0.0,1.0,60.0,0.0,60.0,0.0,0.0,0.0,1.0,60.0,0.0,60.0,0.0,0.0,0.0,1.0,60.0,0.0,60.0,0.0,0.0,0.0,1.0,60.0,0.0,60.0,0.0,0.0,0.0,1.0,1505913443.1959062,0.0,1.0,1505913443.1959062,0.0,1.0,1505913443.1959062,0.0,1.0,1505913443.1959062,0.0,1.0,1505913443.1959062,0.0,1.0,60.0,0.0,60.0,0.0,0.0,0.0,1.0,60.0,0.0,60.0,0.0,0.0,0.0,1.0,60.0,0.0,60.0,0.0,0.0,0.0,1.0,60.0,0.0,60.0,0.0,0.0,0.0,1.0,60.0,0.0,60.0,0.0,0.0,0.0
1.0,60.0,0.0,1.0,60.0,0.0,1.0,60.0,0.0,1.0,60.0,0.0,1.0,60.0,0.0,1.0,60.0,0.0,1.0,60.0,0.0,1.0,60.0,0.0,1.0,60.0,0.0,1.0,60.0,0.0,1.0,60.0,0.0,60.0,0.0,0.0,0.0,1.0,60.0,0.0,60.0,0.0,0.0,0.0,1.0,60.0,0.0,60.0,0.0,0.0,0.0,1.0,60.0,0.0,60.0,0.0,0.0,0.0,1.0,60.0,0.0,60.0,0.0,0.0,0.0,1.0,1505913563.413884,0.0,1.0,1505913563.413884,0.0,1.0,1505913563.413884,0.0,1.0,1505913563.413884,0.0,1.0,1505913563.413884,0.0,1.0,60.0,0.0,60.0,0.0,0.0,0.0,1.0,60.0,0.0,60.0,0.0,0.0,0.0,1.0,60.0,0.0,60.0,0.0,0.0,0.0,1.0,60.0,0.0,60.0,0.0,0.0,0.0,1.0,60.0,0.0,60.0,0.0,0.0,0.0
1.0,60.0,0.0,1.0,60.0,0.0,1.0,60.0,0.0,1.0,60.0,0.0,1.0,60.0,0.0,1.0,60.0,0.0,1.0,60.0,0.0,1.0,60.0,0.0,1.0,60.0,0.0,1.0,60.0,0.0,1.0,60.0,0.0,60.0,0.0,0.0,0.0,1.0,60.0,0.0,60.0,0.0,0.0,0.0,1.0,60.0,0.0,60.0,0.0,0.0,0.0,1.0,60.0,0.0,60.0,0.0,0.0,0.0,1.0,60.0,0.0,60.0,0.0,0.0,0.0,1.0,1505913564.203112,0.0,1.0,1505913564.203112,0.0,1.0,1505913564.203112,0.0,1.0,1505913564.203112,0.0,1.0,1505913564.203112,0.0,1.0,60.0,0.0,60.0,0.0,0.0,0.0,1.0,60.0,0.0,60.0,0.0,0.0,0.0,1.0,60.0,0.0,60.0,0.0,0.0,0.0,1.0,60.0,0.0,60.0,0.0,0.0,0.0,1.0,60.0,0.0,60.0,0.0,0.0,0.0
1.0,60.0,0.0,1.0,60.0,0.0,1.0,60.0,0.0,1.0,60.0,0.0,1.0,60.0,0.0,1.0,60.0,0.0,1.0,60.0,0.0,1.0,60.0,0.0,1.0,60.0,0.0,1.0,60.0,0.0,1.0,60.0,0.0,60.0,0.0,0.0,0.0,1.0,60.0,0.0,60.0,0.0,0.0,0.0,1.0,60.0,0.0,60.0,0.0,0.0,0.0,1.0,60.0,0.0,60.0,0.0,0.0,0.0,1.0,60.0,0.0,60.0,0.0,0.0,0.0,1.0,1505913440.821299,0.0,1.0,1505913440.821299,0.0,1.0,1505913440.821299,0.0,1.0,1505913440.821299,0.0,1.0,1505913440.821299,0.0,1.0,60.0,0.0,60.0,0.0,0.0,0.0,1.0,60.0,0.0,60.0,0.0,0.0,0.0,1.0,60.0,0.0,60.0,0.0,0.0,0.0,1.0,60.0,0.0,60.0,0.0,0.0,0.0,1.0,60.0,0.0,60.0,0.0,0.0,0.0
128.63826880174352,84.58260851906516,8715.0028220805,223.22745357313343,83.65881784709747,7953.3542758718995,727.3679108661593,79.09376465542323,4197.211895662026,7404.18543514382,74.72884781853134,560.8005839101143,37779.85180113899,74.38042399214822,257.5692757482993,128.63826880174352,84.58260851906516,8715.0028220805,223.22745357313343,83.65881784709747,7953.3542758718995,727.3679108661593,79.09376465542323,4197.211895662026,7404.18543514382,74.72884781853134,560.8005839101143,37779.85180113899,74.38042399214822,257.5692757482993,126.94705883247065,73.99999999999999,1.6518123698891422e-06,95.2680429105164,2.766120146724561e-12,-4.5389122820909605e-28,-4.0747970848360174e-16,220.4395889346284,74.0000000000001,3.162979879718208e-06,95.26804291051644,1.321899785921108e-11,-5.41548997756295e-27,-5.82477880510449e-16,721.8369498215974,73.99999946564974,0.0027351179880348,95.26804249545688,7.480870408494908e-06,-4.1586744598718133e-20,-3.5212903960055804e-12,7381.752080055939,73.99915151192344,0.1089867566079782,95.267383844024,0.0118781131159266,5.69692806903179e-17,1.9378578982227169e-10,37665.85122117259,73.99851529659121,0.1441653337638894,95.2668896631974,0.0207836434592536,3.5373448312702354e-16,4.09371799446935e-10,126.94705883247066,0.0024529138763179,0.0001085645098781,220.4395889346286,0.0022642928939283,7.90251209457288e-05,721.8369498216017,0.0020151663710647,4.440463598017168e-05,7381.752080056034,169.61983250884376,255429956614.9981,37665.85122117094,19671.415004357623,29623075698659.24,1.0,74.0,0.0,95.26804291051644,0.0,0.0,0.0,1.0,74.0,0.0,95.26804291051644,0.0,0.0,0.0,1.0,74.0,0.0,95.26804291051644,0.0,0.0,0.0,1.0198822041308058,74.0,9.5367431640625e-07,95.26804291051644,9.094947017729282e-13,0.0,0.0,1.6758439848532536,74.0,9.5367431640625e-07,95.26804291051644,9.094947017729282e-13,0.0,0.0
1.0,60.0,0.0,1.0,60.0,0.0,1.0,60.0,0.0,1.0,60.0,0.0,1.0,60.0,0.0,1.0,60.0,0.0,1.0,60.0,0.0,1.0,60.0,0.0,1.0,60.0,0.0,1.0,60.0,0.0,1.0,60.0,0.0,60.0,0.0,0.0,0.0,1.0,60.0,0.0,60.0,0.0,0.0,0.0,1.0,60.0,0.0,60.0,0.0,0.0,0.0,1.0,60.0,0.0,60.0,0.0,0.0,0.0,1.0,60.0,0.0,60.0,0.0,0.0,0.0,1.0,1505913547.709196,0.0,1.0,1505913547.709196,0.0,1.0,1505913547.709196,0.0,1.0,1505913547.709196,0.0,1.0,1505913547.709196,0.0,1.0,60.0,0.0,60.0,0.0,0.0,0.0,1.0,60.0,0.0,60.0,0.0,0.0,0.0,1.0,60.0,0.0,60.0,0.0,0.0,0.0,1.0,60.0,0.0,60.0,0.0,0.0,0.0,1.0,60.0,0.0,60.0,0.0,0.0,0.0
1.0,60.0,0.0,1.0,60.0,0.0,1.0,60.0,0.0,1.0,60.0,0.0,1.0,60.0,0.0,1.0,60.0,0.0,1.0,60.0,0.0,1.0,60.0,0.0,1.0,60.0,0.0,1.0,60.0,0.0,1.0,60.0,0.0,60.0,0.0,0.0,0.0,1.0,60.0,0.0,60.0,0.0,0.0,0.0,1.0,60.0,0.0,60.0,0.0,0.0,0.0,1.0,60.0,0.0,60.0,0.0,0.0,0.0,1.0,60.0,0.0,60.0,0.0,0.0,0.0,1.0,1505913437.1404526,0.0,1.0,1505913437.1404526,0.0,1.0,1505913437.1404526,0.0,1.0,1505913437.1404526,0.0,1.0,1505913437.1404526,0.0,1.0,60.0,0.0,60.0,0.0,0.0,0.0,1.0,60.0,0.0,60.0,0.0,0.0,0.0,1.0,60.0,0.0,60.0,0.0,0.0,0.0,1.0,60.0,0.0,60.0,0.0,0.0,0.0,1.0,60.0,0.0,60.0,0.0,0.0,0.0
1.0,60.0,0.0,1.0,60.0,0.0,1.0,60.0,0.0,1.0,60.0,0.0,1.0,60.0,0.0,1.0,60.0,0.0,1.0,60.0,0.0,1.0,60.0,0.0,1.0,60.0,0.0,1.0,60.0,0.0,1.0,60.0,0.0,60.0,0.0,0.0,0.0,1.0,60.0,0.0,60.0,0.0,0.0,0.0,1.0,60.0,0.0,60.0,0.0,0.0,0.0,1.0,60.0,0.0,60.0,0.0,0.0,0.0,1.0,60.0,0.0,60.0,0.0,0.0,0.0,1.0,1505913442.793431,0.0,1.0,1505913442.793431,0.0,1.0,1505913442.793431,0.0,1.0,1505913442.793431,0.0,1.0,1505913442.793431,0.0,1.0,60.0,0.0,60.0,0.0,0.0,0.0,1.0,60.0,0.0,60.0,0.0,0.0,0.0,1.0,60.0,0.0,60.0,0.0,0.0,0.0,1.0,60.0,0.0,60.0,0.0,0.0,0.0,1.0,60.0,0.0,60.0,0.0,0.0,0.0
176.5009308595319,74.1032950667699,2.4686744033906507,285.3703554574897,74.07985701714234,1.9696465942597567,761.096631349852,74.09334517217683,10.393215675936515,6599.314517816287,74.15381618953862,46.38176788577584,32995.67005990242,74.30656999126221,188.18464170654255,176.5009308595319,74.1032950667699,2.4686744033906507,285.3703554574897,74.07985701714234,1.9696465942597567,761.096631349852,74.09334517217683,10.393215675936515,6599.314517816287,74.15381618953862,46.38176788577584,32995.67005990242,74.30656999126221,188.18464170654255,175.74128526214645,74.00000000000007,3.438521647895802e-06,95.26804291051648,1.2134172779157176e-11,3.237809823489948e-27,5.700577566826381e-16,284.4235825602124,73.99999999999997,1.3486991523486091e-06,95.26804291051636,2.9118037843694986e-12,-1.1234357151573608e-28,-5.524119321522195e-17,759.1370467859807,73.99999999980841,5.1753858761654416e-05,95.2680429103677,2.6784900384086477e-09,-3.145323089913359e-23,-1.7344251240014778e-13,6576.265513793597,73.99936902680493,0.0939852468477316,95.26755279928874,0.008833226625029,5.192218377170277e-17,1.3468130400325878e-10,32890.810004519684,73.99852798118248,0.1435482379621291,95.26689951594788,0.020606096622032,2.3836056552313246e-16,1.4848586229934257e-10,175.7412852621463,0.0016734442133522,1.6540003077543412e-05,284.4235825602124,0.0017167014876325,2.3416865580014773e-05,759.1370467859816,0.0019557345124263,0.0002003201839566,6576.265513793679,579.2258628172267,872260865405.6354,32890.81000451858,25178.40792810919,37915888184353.44,1.0,74.0,0.0,95.26804291051644,0.0,0.0,0.0,1.0,74.0,0.0,95.26804291051644,0.0,0.0,0.0,1.0,74.0,0.0,95.26804291051644,0.0,0.0,0.0,1.0209852171388671,74.0,0.0,95.26804291051644,0.0,0.0,0.0,1.6795029503272016,74.0,0.0,95.26804291051644,0.0,0.0,0.0
1.0,60.0,0.0,1.0,60.0,0.0,1.0,60.0,0.0,1.0,60.0,0.0,1.0,60.0,0.0,1.0,60.0,0.0,1.0,60.0,0.0,1.0,60.0,0.0,1.0,60.0,0.0,1.0,60.0,0.0,1.0,60.0,0.0,60.0,0.0,0.0,0.0,1.0,60.0,0.0,60.0,0.0,0.0,0.0,1.0,60.0,0.0,60.0,0.0,0.0,0.0,1.0,60.0,0.0,60.0,0.0,0.0,0.0,1.0,60.0,0.0,60.0,0.0,0.0,0.0,1.0,1505913431.197032,0.0,1.0,1505913431.197032,0.0,1.0,1505913431.197032,0.0,1.0,1505913431.197032,0.0,1.0,1505913431.197032,0.0,1.0,60.0,0.0,60.0,0.0,0.0,0.0,1.0,60.0,0.0,60.0,0.0,0.0,0.0,1.0,60.0,0.0,60.0,0.0,0.0,0.0,1.0,60.0,0.0,60.0,0.0,0.0,0.0,1.0,60.0,0.0,60.0,0.0,0.0,0.0
1.0,60.0,0.0,1.0,60.0,0.0,1.0,60.0,0.0,1.0,60.0,0.0,1.0,60.0,0.0,1.0,60.0,0.0,1.0,60.0,0.0,1.0,60.0,0.0,1.0,60.0,0.0,1.0,60.0,0.0,1.0,60.0,0.0,60.0,0.0,0.0,0.0,1.0,60.0,0.0,60.0,0.0,0.0,0.0,1.0,60.0,0.0,60.0,0.0,0.0,0.0,1.0,60.0,0.0,60.0,0.0,0.0,0.0,1.0,60.0,0.0,60.0,0.0,0.0,0.0,1.0,1505913569.855735,0.0,1.0,1505913569.855735,0.0,1.0,1505913569.855735,0.0,1.0,1505913569.855735,0.0,1.0,1505913569.855735,0.0,1.0,60.0,0.0,60.0,0.0,0.0,0.0,1.0,60.0,0.0,60.0,0.0,0.0,0.0,1.0,60.0,0.0,60.0,0.0,0.0,0.0,1.0,60.0,0.0,60.0,0.0,0.0,0.0,1.0,60.0,0.0,60.0,0.0,0.0,0.0
147.87066609419043,74.06248602626654,1.7148674387262872,254.59270905389283,74.0733804805997,5.148321803633735,789.3301962796119,74.17099179238261,33.367882951576576,3774.2001746948463,74.15231480401631,30.796481136065267,4959.3537328588045,74.14037571515011,27.375936933402954,147.87066609419043,74.06248602626654,1.7148674387262872,254.59270905389283,74.0733804805997,5.148321803633735,789.3301962796119,74.17099179238261,33.367882951576576,3774.2001746948463,74.15231480401631,30.796481136065267,4959.3537328588045,74.14037571515011,27.375936933402954,147.4909438346431,73.99999992096701,0.0010518863431144,95.26804284912704,1.106464878871804e-06,6.880446632973235e-21,2.1166696262421376e-12,253.9541914558557,73.99998363228103,0.0151376281441551,95.26803019679718,0.0002291477858307,8.20356663155262e-19,4.639798937011212e-11,787.2221405357695,73.99811677925533,0.1623623845258917,95.26658011536006,0.0263615439089335,-2.1234244934994207e-16,-5.18325165386576e-10,3762.725506444847,73.99445325011004,0.2786103588194489,95.26373450470392,0.077623732041502,3.1357769107728857e-15,1.6690248754414294e-08,4943.907239769929,73.9945004644093,0.2774225177319413,95.26377117759662,0.0769632533447293,-1.305064947535902e-15,-1.0516687985626124e-09,147.49094383464316,0.002054266434671,182.1152918888433,253.9541914558555,0.0280742124507152,39350640.31460077,787.2221405357724,3136.212195598119,4722854251918.432,3762.7255064448455,210750.1789974424,317327294602143.4,4943.907239769916,285678.11726653966,430125153637130.4,1.0,74.0,0.0,74.0,0.0,0.0,0.0,1.0,74.0,0.0,74.0,0.0,0.0,0.0,1.0,74.0,0.0,74.0,0.0,0.0,0.0,1.0,74.0,0.0,74.0,0.0,0.0,0.0,1.0,74.0,0.0,74.0,0.0,0.0,0.0
1.0,60.0,0.0,1.0,60.0,0.0,1.0,60.0,0.0,1.0,60.0,0.0,1.0,60.0,0.0,1.0,60.0,0.0,1.0,60.0,0.0,1.0,60.0,0.0,1.0,60.0,0.0,1.0,60.0,0.0,1.0,60.0,0.0,60.0,0.0,0.0,0.0,1.0,60.0,0.0,60.0,0.0,0.0,0.0,1.0,60.0,0.0,60.0,0.0,0.0,0.0,1.0,60.0,0.0,60.0,0.0,0.0,0.0,1.0,60.0,0.0,60.0,0.0,0.0,0.0,1.0,1505913557.051791,0.0,1.0,1505913557.051791,0.0,1.0,1505913557.051791,0.0,1.0,1505913557.051791,0.0,1.0,1505913557.051791,0.0,1.0,60.0,0.0,60.0,0.0,0.0,0.0,1.0,60.0,0.0,60.0,0.0,0.0,0.0,1.0,60.0,0.0,60.0,0.0,0.0,0.0,1.0,60.0,0.0,60.0,0.0,0.0,0.0,1.0,60.0,0.0,60.0,0.0,0.0,0.0
182.75296421355804,73.98119278590569,0.4518205194617622,295.9242186433593,73.98924343913734,0.63271794603952,855.7578167269011,74.01581814588233,0.9279142746472644,7285.984613003335,74.07336698056697,13.378620345140916,15393.014467132389,74.08468010894434,17.810756762029996,182.75296421355804,73.98119278590569,0.4518205194617622,295.9242186433593,73.98924343913734,0.63271794603952,855.7578167269011,74.01581814588233,0.9279142746472644,7285.984613003335,74.07336698056697,13.378620345140916,15393.014467132389,74.08468010894434,17.810756762029996,182.7151164687424,73.97621751235528,0.5765320635558437,95.24957090420556,0.3323892203079595,2.3086551862411433e-16,1.2958086396077808e-10,295.7677416475682,73.97654046150083,0.5726108530504174,95.24982172504092,0.3278831890311267,-2.020068258680129e-15,-1.0259701053999975e-09,854.7374010903047,73.98703787693337,0.4257953807912929,95.25797485671625,0.181301706303202,1.1519206464107472e-16,7.720663878558175e-11,7267.702428663218,73.99738531535048,0.1913079937411388,95.26601195341604,0.0365987484692595,-2.70580603282437e-16,-3.0273165553589524e-10,15349.168355770236,73.9975447693014,0.1853839301475749,95.26613580850636,0.0343672015569609,3.9831873031114495e-16,3.5622841745371687e-10,182.7151164687424,0.0016045544258158,1.2731104385224837e-05,295.7677416475684,0.0016459503782755,1.724946900347442e-05,854.7374010903079,0.0051033178800172,5128433.515657285,7267.702428663236,27862.79821530518,41958194112826.95,15349.168355770056,80274.4709348615,120879989016900.3,1.0,74.0,0.0,74.0,0.0,0.0,0.0,1.0,74.0,0.0,74.0,0.0,0.0,0.0,1.0,74.0,0.0,74.0,0.0,0.0,0.0,1.0,74.0,0.0,74.0,0.0,0.0,0.0,1.0,74.0,0.0,74.0,0.0,0.0,0.0
1.0,60.0,0.0,1.0,60.0,0.0,1.0,60.0,0.0,1.0,60.0,0.0,1.0,60.0,0.0,1.0,60.0,0.0,1.0,60.0,0.0,1.0,60.0,0.0,1.0,60.0,0.0,1.0,60.0,0.0,1.0,60.0,0.0,60.0,0.0,0.0,0.0,1.0,60.0,0.0,60.0,0.0,0.0,0.0,1.0,60.0,0.0,60.0,0.0,0.0,0.0,1.0,60.0,0.0,60.0,0.0,0.0,0.0,1.0,60.0,0.0,60.0,0.0,0.0,0.0,1.0,1505913580.13423,0.0,1.0,1505913580.13423,0.0,1.0,1505913580.13423,0.0,1.0,1505913580.13423,0.0,1.0,1505913580.13423,0.0,1.0,60.0,0.0,60.0,0.0,0.0,0.0,1.0,60.0,0.0,60.0,0.0,0.0,0.0,1.0,60.0,0.0,60.0,0.0,0.0,0.0,1.0,60.0,0.0,60.0,0.0,0.0,0.0,1.0,60.0,0.0,60.0,0.0,0.0,0.0
1.0,60.0,0.0,1.0,60.0,0.0,1.0,60.0,0.0,1.0,60.0,0.0,1.0,60.0,0.0,1.0,60.0,0.0,1.0,60.0,0.0,1.0,60.0,0.0,1.0,60.0,0.0,1.0,60.0,0.0,1.0,60.0,0.0,60.0,0.0,0.0,0.0,1.0,60.0,0.0,60.0,0.0,0.0,0.0,1.0,60.0,0.0,60.0,0.0,0.0,0.0,1.0,60.0,0.0,60.0,0.0,0.0,0.0,1.0,60.0,0.0,60.0,0.0,0.0,0.0,1.0,1505913578.6283429,0.0,1.0,1505913578.6283429,0.0,1.0,1505913578.6283429,0.0,1.0,1505913578.6283429,0.0,1.0,1505913578.6283429,0.0,1.0,60.0,0.0,60.0,0.0,0.0,0.0,1.0,60.0,0.0,60.0,0.0,0.0,0.0,1.0,60.0,0.0,60.0,0.0,0.0,0.0,1.0,60.0,0.0,60.0,0.0,0.0,0.0,1.0,60.0,0.0,60.0,0.0,0.0,0.0
1.0,60.0,0.0,1.0,60.0,0.0,1.0,60.0,0.0,1.0,60.0,0.0,1.0,60.0,0.0,1.0,60.0,0.0,1.0,60.0,0.0,1.0,60.0,0.0,1.0,60.0,0.0,1.0,60.0,0.0,1.0,60.0,0.0,60.0,0.0,0.0,0.0,1.0,60.0,0.0,60.0,0.0,0.0,0.0,1.0,60.0,0.0,60.0,0.0,0.0,0.0,1.0,60.0,0.0,60.0,0.0,0.0,0.0,1.0,60.0,0.0,60.0,0.0,0.0,0.0,1.0,1505913555.081187,0.0,1.0,1505913555.081187,0.0,1.0,1505913555.081187,0.0,1.0,1505913555.081187,0.0,1.0,1505913555.081187,0.0,1.0,60.0,0.0,60.0,0.0,0.0,0.0,1.0,60.0,0.0,60.0,0.0,0.0,0.0,1.0,60.0,0.0,60.0,0.0,0.0,0.0,1.0,60.0,0.0,60.0,0.0,0.0,0.0,1.0,60.0,0.0,60.0,0.0,0.0,0.0
61.8440548242405,74.048286773569,2.377263986328217,95.754763521426,74.06354086928225,3.242681486004585,178.3725494124461,74.13662003525816,5.38307305429953,843.8529791658342,75.97843077683152,1267.0316971631664,6428.3929907182055,76.72260171359623,1783.5037638775748,61.8440548242405,74.048286773569,2.377263986328217,95.754763521426,74.06354086928225,3.242681486004585,178.3725494124461,74.13662003525816,5.38307305429953,843.8529791658342,75.97843077683152,1267.0316971631664,6428.3929907182055,76.72260171359623,1783.5037638775748,1.0,74.0,0.0,74.0,0.0,0.0,0.0,1.0,74.0,0.0,74.0,0.0,0.0,0.0,1.0,74.0,0.0,74.0,0.0,0.0,0.0,1.0,74.0,0.0,74.0,0.0,0.0,0.0,1.0,74.0,0.0,74.0,0.0,0.0,0.0,1.0,1505912937.204364,0.0,1.0,1505912937.204364,0.0,1.0,1505912937.204364,0.0,1.0,1505912937.204364,0.0,1.0,1505912937.204364,0.0,1.0,74.0,0.0,74.0,0.0,0.0,0.0,1.0,74.0,0.0,74.0,0.0,0.0,0.0,1.0,74.0,0.0,74.0,0.0,0.0,0.0,1.0,74.0,0.0,74.0,0.0,0.0,0.0,1.0,74.0,0.0,74.0,0.0,0.0,0.0
1.0,60.0,0.0,1.0,60.0,0.0,1.0,60.0,0.0,1.0,60.0,0.0,1.0,60.0,0.0,1.0,60.0,0.0,1.0,60.0,0.0,1.0,60.0,0.0,1.0,60.0,0.0,1.0,60.0,0.0,1.0,60.0,0.0,60.0,0.0,0.0,0.0,1.0,60.0,0.0,60.0,0.0,0.0,0.0,1.0,60.0,0.0,60.0,0.0,0.0,0.0,1.0,60.0,0.0,60.0,0.0,0.0,0.0,1.0,60.0,0.0,60.0,0.0,0.0,0.0,1.0,1505913442.8259964,0.0,1.0,1505913442.8259964,0.0,1.0,1505913442.8259964,0.0,1.0,1505913442.8259964,0.0,1.0,1505913442.8259964,0.0,1.0,60.0,0.0,60.0,0.0,0.0,0.0,1.0,60.0,0.0,60.0,0.0,0.0,0.0,1.0,60.0,0.0,60.0,0.0,0.0,0.0,1.0,60.0,0.0,60.0,0.0,0.0,0.0,1.0,60.0,0.0,60.0,0.0,0.0,0.0
1.0,60.0,0.0,1.0,60.0,0.0,1.0,60.0,0.0,1.0,60.0,0.0,1.0,60.0,0.0,1.0,60.0,0.0,1.0,60.0,0.0,1.0,60.0,0.0,1.0,60.0,0.0,1.0,60.0,0.0,1.0,60.0,0.0,60.0,0.0,0.0,0.0,1.0,60.0,0.0,60.0,0.0,0.0,0.0,1.0,60.0,0.0,60.0,0.0,0.0,0.0,1.0,60.0,0.0,60.0,0.0,0.0,0.0,1.0,60.0,0.0,60.0,0.0,0.0,0.0,1.0,1505913589.736116,0.0,1.0,1505913589.736116,0.0,1.0,1505913589.736116,0.0,1.0,1505913589.736116,0.0,1.0,1505913589.736116,0.0,1.0,60.0,0.0,60.0,0.0,0.0,0.0,1.0,60.0,0.0,60.0,0.0,0.0,0.0,1.0,60.0,0.0,60.0,0.0,0.0,0.0,1.0,60.0,0.0,60.0,0.0,0.0,0.0,1.0,60.0,0.0,60.0,0.0,0.0,0.0
1.0,60.0,0.0,1.0,60.0,0.0,1.0,60.0,0.0,1.0,60.0,0.0,1.0,60.0,0.0,1.0,60.0,0.0,1.0,60.0,0.0,1.0,60.0,0.0,1.0,60.0,0.0,1.0,60.0,0.0,1.0,60.0,0.0,60.0,0.0,0.0,0.0,1.0,60.0,0.0,60.0,0.0,0.0,0.0,1.0,60.0,0.0,60.0,0.0,0.0,0.0,1.0,60.0,0.0,60.0,0.0,0.0,0.0,1.0,60.0,0.0,60.0,0.0,0.0,0.0,1.0,1505913563.002425,0.0,1.0,1505913563.002425,0.0,1.0,1505913563.002425,0.0,1.0,1505913563.002425,0.0,1.0,1505913563.002425,0.0,1.0,60.0,0.0,60.0,0.0,0.0,0.0,1.0,60.0,0.0,60.0,0.0,0.0,0.0,1.0,60.0,0.0,60.0,0.0,0.0,0.0,1.0,60.0,0.0,60.0,0.0,0.0,0.0,1.0,60.0,0.0,60.0,0.0,0.0,0.0
1.0,60.0,0.0,1.0,60.0,0.0,1.0,60.0,0.0,1.0,60.0,0.0,1.0,60.0,0.0,1.0,60.0,0.0,1.0,60.0,0.0,1.0,60.0,0.0,1.0,60.0,0.0,1.0,60.0,0.0,1.0,60.0,0.0,60.0,0.0,0.0,0.0,1.0,60.0,0.0,60.0,0.0,0.0,0.0,1.0,60.0,0.0,60.0,0.0,0.0,0.0,1.0,60.0,0.0,60.0,0.0,0.0,0.0,1.0,60.0,0.0,60.0,0.0,0.0,0.0,1.0,1505913551.238871,0.0,1.0,1505913551.238871,0.0,1.0,1505913551.238871,0.0,1.0,1505913551.238871,0.0,1.0,1505913551.238871,0.0,1.0,60.0,0.0,60.0,0.0,0.0,0.0,1.0,60.0,0.0,60.0,0.0,0.0,0.0,1.0,60.0,0.0,60.0,0.0,0.0,0.0,1.0,60.0,0.0,60.0,0.0,0.0,0.0,1.0,60.0,0.0,60.0,0.0,0.0,0.0
27.086794196044394,74.42809746698215,10.091217711112222,42.37169626051039,74.4078051393156,9.631524774245008,129.41381861330987,74.30294084814594,7.592909078030063,954.215144281932,74.79936652620414,239.08336394509652,8660.096169514163,76.50059583152165,1558.9538609621109,27.086794196044394,74.42809746698215,10.091217711112222,42.37169626051039,74.4078051393156,9.631524774245008,129.41381861330987,74.30294084814594,7.592909078030063,954.215144281932,74.79936652620414,239.08336394509652,8660.096169514163,76.50059583152165,1558.9538609621109,1.0000302865155022,74.0,0.0,74.0,0.0,0.0,0.0,1.0019442387115731,74.0,0.0,74.0,0.0,0.0,0.0,1.1248101376110906,73.99999999999999,1.3486991523486091e-06,73.99999999999999,1.8189894035458565e-12,0.0,0.0,1.8121289390047568,74.0,9.5367431640625e-07,74.0,9.094947017729282e-13,0.0,0.0,1.979405409984548,73.99999999999999,1.3486991523486091e-06,73.99999999999999,1.8189894035458565e-12,0.0,0.0,1.0000302865155022,45610.484392693215,68678829443157.09,1.0019442387115731,2922176.3403255143,4392000306990500.0,1.1248101376110906,167097744.65526608,2.237130396615801e+17,1.8121289390047568,674894412.2363724,5.608499361859145e+17,1.979405409984548,745122517.1095207,5.668822689455884e+17,1.0000302865155022,74.0,0.0,74.0,0.0,0.0,0.0,1.0019442387115731,74.0,0.0,74.0,0.0,0.0,0.0,1.1248101376110906,73.99999999999999,1.3486991523486091e-06,73.99999999999999,1.8189894035458565e-12,0.0,0.0,1.8121289390047568,74.0,9.5367431640625e-07,74.0,9.094947017729282e-13,0.0,0.0,1.979405409984548,73.99999999999999,1.3486991523486091e-06,73.99999999999999,1.8189894035458565e-12,0.0,0.0
1.0,60.0,0.0,1.0,60.0,0.0,1.0,60.0,0.0,1.0,60.0,0.0,1.0,60.0,0.0,1.0,60.0,0.0,1.0,60.0,0.0,1.0,60.0,0.0,1.0,60.0,0.0,1.0,60.0,0.0,1.0,60.0,0.0,60.0,0.0,0.0,0.0,1.0,60.0,0.0,60.0,0.0,0.0,0.0,1.0,60.0,0.0,60.0,0.0,0.0,0.0,1.0,60.0,0.0,60.0,0.0,0.0,0.0,1.0,60.0,0.0,60.0,0.0,0.0,0.0,1.0,1505913567.704176,0.0,1.0,1505913567.704176,0.0,1.0,1505913567.704176,0.0,1.0,1505913567.704176,0.0,1.0,1505913567.704176,0.0,1.0,60.0,0.0,60.0,0.0,0.0,0.0,1.0,60.0,0.0,60.0,0.0,0.0,0.0,1.0,60.0,0.0,60.0,0.0,0.0,0.0,1.0,60.0,0.0,60.0,0.0,0.0,0.0,1.0,60.0,0.0,60.0,0.0,0.0,0.0
178.752285302589,74.00888773416919,0.2132266282487762,287.28789471886694,74.01828944389901,0.438612150015615,816.6305667986569,74.03344881461004,0.8038793707055447,7379.868133691016,74.08353745555388,18.711966934462,36708.5549596346,74.26020364644339,155.88226992795808,178.752285302589,74.00888773416919,0.2132266282487762,287.28789471886694,74.01828944389901,0.438612150015615,816.6305667986569,74.03344881461004,0.8038793707055447,7379.868133691016,74.08353745555388,18.711966934462,36708.5549596346,74.26020364644339,155.88226992795808,178.68608935284269,74.00000000000001,1.9073486328125e-06,95.2680429105164,6.1852326820078106e-12,3.5833297573890612e-28,8.399922173537436e-17,287.0689640590824,73.99999999999498,7.325311420315367e-06,95.26804291051256,5.381603961368104e-11,-9.278352770030234e-25,-6.260924180827134e-14,815.492405364893,73.99999189596751,0.0106515903611223,95.2680366156627,0.0001134563772211,1.028186340447748e-18,1.0121789174848944e-10,7362.314512040459,73.99886974508911,0.1257866894915505,95.26716498117626,0.0158222912532437,9.095370345020896e-17,4.0527665795911716e-10,36601.47120229937,73.998428090615,0.1483383313168562,95.26682192600865,0.0220042605378694,3.3477488608959477e-16,2.1647883513054398e-10,178.6860893528426,0.0016407447449949,1.3038716814649012e-05,287.0689640590828,0.0016959911268484,1.7918159038302093e-05,815.4924053648956,0.0017789632020004,2.574476655366136e-05,7362.314512040562,225.94672486077351,340253398988.2017,36601.47120229786,20826.840914505032,31363001331241.52,1.0,74.0,0.0,95.26804291051644,0.0,0.0,0.0,1.0,74.0,0.0,95.26804291051644,0.0,0.0,0.0,1.0,74.0,0.0,95.26804291051644,0.0,0.0,0.0,1.0203681011799852,74.0,9.5367431640625e-07,95.26804291051644,9.094947017729282e-13,0.0,0.0,1.6774777778698031,74.0,0.0,95.26804291051644,0.0,0.0,0.0
191.8286030010001,74.01277295202692,0.3063877019985739,306.5898377707411,74.02219599649503,0.5322413225339915,858.3074635505161,74.0367880483597,1.4562207009630583,7010.09838444615,74.08732377272202,17.232090609629267,13801.296988175249,74.09243341023868,20.19018598148796,191.8286030010001,74.01277295202692,0.3063877019985739,306.5898377707411,74.02219599649503,0.5322413225339915,858.3074635505161,74.0367880483597,1.4562207009630583,7010.09838444615,74.08732377272202,17.232090609629267,13801.296988175249,74.09243341023868,20.19018598148796,191.7265106028304,73.99999999999993,1.3486991523486091e-06,95.26804291051636,7.941821057362622e-12,4.9629982125392855e-27,1.3234864053479064e-15,306.30629130723577,73.99999999999993,3.162979879718208e-06,95.2680429105164,1.080922113397238e-11,-4.169182637189637e-27,-6.515505977355522e-16,857.0452115954853,73.99999997933455,0.0005378942958587,95.26804289446444,2.893302735302728e-07,-2.3265522305221447e-21,-2.6185155295673653e-12,6990.344554432606,73.99903890034342,0.1159934113926798,95.26729637275592,0.0134544714865114,2.464618166276455e-16,5.045438670968836e-10,13759.449870408178,73.99823571859253,0.1571522414363684,95.26667250127092,0.0246968269884746,4.1066651201481116e-16,4.15455004423232e-10,191.7265106028303,0.0015282797212271,1.1706128903071146e-05,306.3062913072359,0.0015885836492762,1.6096382612728714e-05,857.0452115954886,0.0363068423127831,52124368.91379156,6990.3445544326505,36538.10237286765,55021895889514.62,13759.449870408038,91652.32810227104,138012105272540.05,1.0,74.0,0.0,74.0,0.0,0.0,0.0,1.0,74.0,0.0,74.0,0.0,0.0,0.0,1.0,74.0,0.0,74.0,0.0,0.0,0.0,1.0,74.0,0.0,74.0,0.0,0.0,0.0,1.0,74.0,0.0,74.0,0.0,0.0,0.0
1.0,60.0,0.0,1.0,60.0,0.0,1.0,60.0,0.0,1.0,60.0,0.0,1.0,60.0,0.0,1.0,60.0,0.0,1.0,60.0,0.0,1.0,60.0,0.0,1.0,60.0,0.0,1.0,60.0,0.0,1.0,60.0,0.0,60.0,0.0,0.0,0.0,1.0,60.0,0.0,60.0,0.0,0.0,0.0,1.0,60.0,0.0,60.0,0.0,0.0,0.0,1.0,60.0,0.0,60.0,0.0,0.0,0.0,1.0,60.0,0.0,60.0,0.0,0.0,0.0,1.0,1505913578.9053571,0.0,1.0,1505913578.9053571,0.0,1.0,1505913578.9053571,0.0,1.0,1505913578.9053571,0.0,1.0,1505913578.9053571,0.0,1.0,60.0,0.0,60.0,0.0,0.0,0.0,1.0,60.0,0.0,60.0,0.0,0.0,0.0,1.0,60.0,0.0,60.0,0.0,0.0,0.0,1.0,60.0,0.0,60.0,0.0,0.0,0.0,1.0,60.0,0.0,60.0,0.0,0.0,0.0
39.68198548313004,74.02310007496126,0.5544388954831447,56.39066102877992,74.06641105239503,1.611953804767836,169.27376090304844,74.13344331682497,3.606117124607408,979.6949710332684,74.87511044710183,341.37755223307886,8073.973122733145,76.42041760849973,1514.1948667144816,39.68198548313004,74.02310007496126,0.5544388954831447,56.39066102877992,74.06641105239503,1.611953804767836,169.27376090304844,74.13344331682497,3.606117124607408,979.6949710332684,74.87511044710183,341.37755223307886,8073.973122733145,76.42041760849973,1514.1948667144816,1.0000302548496312,74.0,0.0,74.0,0.0,0.0,0.0,1.0019430187846483,74.0,0.0,74.0,0.0,0.0,0.0,1.124784027802154,74.0,0.0,74.0,0.0,0.0,0.0,1.8121119479748145,74.0,0.0,74.0,0.0,0.0,0.0,1.979403360893262,74.0,0.0,74.0,0.0,0.0,0.0,1.0000302548496312,45562.79649900788,68607011934450.52,1.0019430187846483,2920346.034746601,4389254233362644.0,1.124784027802154,167066648.056438,2.2367657448783235e+17,1.8121119479748145,674886545.8031168,5.6084859579913626e+17,1.979403360893262,745121647.2868048,5.66882131458666e+17,1.0000302548496312,74.0,0.0,74.0,0.0,0.0,0.0,1.0019430187846483,74.0,0.0,74.0,0.0,0.0,0.0,1.124784027802154,74.0,0.0,74.0,0.0,0.0,0.0,1.8121119479748145,74.0,0.0,74.0,0.0,0.0,0.0,1.979403360893262,74.0,0.0,74.0,0.0,0.0,0.0
1.0,60.0,0.0,1.0,60.0,0.0,1.0,60.0,0.0,1.0,60.0,0.0,1.0,60.0,0.0,1.0,60.0,0.0,1.0,60.0,0.0,1.0,60.0,0.0,1.0,60.0,0.0,1.0,60.0,0.0,1.0,60.0,0.0,60.0,0.0,0.0,0.0,1.0,60.0,0.0,60.0,0.0,0.0,0.0,1.0,60.0,0.0,60.0,0.0,0.0,0.0,1.0,60.0,0.0,60.0,0.0,0.0,0.0,1.0,60.0,0.0,60.0,0.0,0.0,0.0,1.0,1505913458.175356,0.0,1.0,1505913458.175356,0.0,1.0,1505913458.175356,0.0,1.0,1505913458.175356,0.0,1.0,1505913458.175356,0.0,1.0,60.0,0.0,60.0,0.0,0.0,0.0,1.0,60.0,0.0,60.0,0.0,0.0,0.0,1.0,60.0,0.0,60.0,0.0,0.0,0.0,1.0,60.0,0.0,60.0,0.0,0.0,0.0,1.0,60.0,0.0,60.0,0.0,0.0,0.0
1.0,60.0,0.0,1.0,60.0,0.0,1.0,60.0,0.0,1.0,60.0,0.0,1.0,60.0,0.0,1.0,60.0,0.0,1.0,60.0,0.0,1.0,60.0,0.0,1.0,60.0,0.0,1.0,60.0,0.0,1.0,60.0,0.0,60.0,0.0,0.0,0.0,1.0,60.0,0.0,60.0,0.0,0.0,0.0,1.0,60.0,0.0,60.0,0.0,0.0,0.0,1.0,60.0,0.0,60.0,0.0,0.0,0.0,1.0,60.0,0.0,60.0,0.0,0.0,0.0,1.0,1505913425.0275712,0.0,1.0,1505913425.0275712,0.0,1.0,1505913425.0275712,0.0,1.0,1505913425.0275712,0.0,1.0,1505913425.0275712,0.0,1.0,60.0,0.0,60.0,0.0,0.0,0.0,1.0,60.0,0.0,60.0,0.0,0.0,0.0,1.0,60.0,0.0,60.0,0.0,0.0,0.0,1.0,60.0,0.0,60.0,0.0,0.0,0.0,1.0,60.0,0.0,60.0,0.0,0.0,0.0
1.0,60.0,0.0,1.0,60.0,0.0,1.0,60.0,0.0,1.0,60.0,0.0,1.0,60.0,0.0,1.0,60.0,0.0,1.0,60.0,0.0,1.0,60.0,0.0,1.0,60.0,0.0,1.0,60.0,0.0,1.0,60.0,0.0,60.0,0.0,0.0,0.0,1.0,60.0,0.0,60.0,0.0,0.0,0.0,1.0,60.0,0.0,60.0,0.0,0.0,0.0,1.0,60.0,0.0,60.0,0.0,0.0,0.0,1.0,60.0,0.0,60.0,0.0,0.0,0.0,1.0,1505913548.48212,0.0,1.0,1505913548.48212,0.0,1.0,1505913548.48212,0.0,1.0,1505913548.48212,0.0,1.0,1505913548.48212,0.0,1.0,60.0,0.0,60.0,0.0,0.0,0.0,1.0,60.0,0.0,60.0,0.0,0.0,0.0,1.0,60.0,0.0,60.0,0.0,0.0,0.0,1.0,60.0,0.0,60.0,0.0,0.0,0.0,1.0,60.0,0.0,60.0,0.0,0.0,0.0
1.0,60.0,0.0,1.0,60.0,0.0,1.0,60.0,0.0,1.0,60.0,0.0,1.0,60.0,0.0,1.0,60.0,0.0,1.0,60.0,0.0,1.0,60.0,0.0,1.0,60.0,0.0,1.0,60.0,0.0,1.0,60.0,0.0,60.0,0.0,0.0,0.0,1.0,60.0,0.0,60.0,0.0,0.0,0.0,1.0,60.0,0.0,60.0,0.0,0.0,0.0,1.0,60.0,0.0,60.0,0.0,0.0,0.0,1.0,60.0,0.0,60.0,0.0,0.0,0.0,1.0,1505913586.103369,0.0,1.0,1505913586.103369,0.0,1.0,1505913586.103369,0.0,1.0,1505913586.103369,0.0,1.0,1505913586.103369,0.0,1.0,60.0,0.0,60.0,0.0,0.0,0.0,1.0,60.0,0.0,60.0,0.0,0.0,0.0,1.0,60.0,0.0,60.0,0.0,0.0,0.0,1.0,60.0,0.0,60.0,0.0,0.0,0.0,1.0,60.0,0.0,60.0,0.0,0.0,0.0
1.0,60.0,0.0,1.0,60.0,0.0,1.0,60.0,0.0,1.0,60.0,0.0,1.0,60.0,0.0,1.0,60.0,0.0,1.0,60.0,0.0,1.0,60.0,0.0,1.0,60.0,0.0,1.0,60.0,0.0,1.0,60.0,0.0,60.0,0.0,0.0,0.0,1.0,60.0,0.0,60.0,0.0,0.0,0.0,1.0,60.0,0.0,60.0,0.0,0.0,0.0,1.0,60.0,0.0,60.0,0.0,0.0,0.0,1.0,60.0,0.0,60.0,0.0,0.0,0.0,1.0,1505913557.581564,0.0,1.0,1505913557.581564,0.0,1.0,1505913557.581564,0.0,1.0,1505913557.581564,0.0,1.0,1505913557.581564,0.0,1.0,60.0,0.0,60.0,0.0,0.0,0.0,1.0,60.0,0.0,60.0,0.0,0.0,0.0,1.0,60.0,0.0,60.0,0.0,0.0,0.0,1.0,60.0,0.0,60.0,0.0,0.0,0.0,1.0,60.0,0.0,60.0,0.0,0.0,0.0
75.6379947072075,74.6132583845976,501.1075935340059,98.637252730932,76.96263102233651,2435.83745462537,220.76034199145127,82.80309614297218,7181.222586774951,1018.1940476670118,79.29821911902162,3866.5551198040985,2881.936056108106,76.68810507554768,1654.230142787972,75.6379947072075,74.6132583845976,501.1075935340059,98.637252730932,76.96263102233651,2435.83745462537,220.76034199145127,82.80309614297218,7181.222586774951,1018.1940476670118,79.29821911902162,3866.5551198040985,2881.936056108106,76.68810507554768,1654.230142787972,1.000029822059449,74.0,0.0,74.0,0.0,0.0,0.0,1.0019262940313562,74.0,0.0,74.0,0.0,0.0,0.0,1.1244249647342248,74.00000000000001,1.3486991523486091e-06,74.00000000000001,1.8189894035458565e-12,0.0,0.0,1.8118779615553289,73.99999999999999,1.3486991523486091e-06,73.99999999999999,1.8189894035458565e-12,0.0,0.0,1.9793751385768483,74.0,0.0,74.0,0.0,0.0,0.0,1.000029822059449,44911.08892624057,67625639905624.15,1.0019262940313562,2895256.7659441014,4351617247545749.0,1.1244249647342248,166639089.56937292,2.231753509416088e+17,1.8118779615553289,674779129.0449808,5.608316649768062e+17,1.9793751385768483,745110691.8163201,5.668817970866367e+17,1.000029822059449,74.0,0.0,74.0,0.0,0.0,0.0,1.0019262940313562,74.0,0.0,74.0,0.0,0.0,0.0,1.1244249647342248,74.00000000000001,1.3486991523486091e-06,74.00000000000001,1.8189894035458565e-12,0.0,0.0,1.8118779615553289,73.99999999999999,1.3486991523486091e-06,73.99999999999999,1.8189894035458565e-12,0.0,0.0,1.9793751385768483,74.0,0.0,74.0,0.0,0.0,0.0
180.0251681428114,74.00502418442177,0.1235017978051473,290.48977732069415,74.01226356573041,0.323291479985528,817.9623517824235,74.03004614988141,1.902425461382336,6862.311674824549,74.12555243478721,36.666891104660856,33934.92917260872,74.29315036340141,179.38031920177582,180.0251681428114,74.00502418442177,0.1235017978051473,290.48977732069415,74.01226356573041,0.323291479985528,817.9623517824235,74.03004614988141,1.902425461382336,6862.311674824549,74.12555243478721,36.666891104660856,33934.92917260872,74.29315036340141,179.38031920177582,179.98689984356992,73.99992244133124,0.0329517122613863,95.26798266638708,0.0010858153409571,4.490051818847645e-18,3.888717509092272e-11,290.3321197994573,73.99923708021944,0.1033455121705223,95.26745030940266,0.0106802948857875,7.331736847849869e-17,2.0632102371073542e-10,816.926139207211,73.99569776739635,0.2453828584983161,95.2647011651422,0.0602127472448046,4.0361535464352696e-16,3.6360689708763437e-10,6841.64823167518,73.99772172793067,0.1785794457944091,95.266273260395,0.0318906184602383,1.0868445832461864e-16,1.805015273646607e-10,33830.174457900386,73.99818916296759,0.159211932238158,95.26663633926717,0.0253484393670078,-4.700150444473484e-17,-2.514952245659108e-11,179.98689984356992,0.0016276699881388,1.2051701685624935e-05,290.3321197994576,0.0016748279284575,1.55062365422548e-05,816.9261392072136,0.0017802495162178,4.378426105045571e-05,6841.648231675282,455.4424182897049,685853863202.9382,33830.174457899,23992.486292608453,36130050133568.83,1.0,74.0,0.0,95.26804291051644,0.0,0.0,0.0,1.0,74.0,0.0,95.26804291051644,0.0,0.0,0.0,1.0,74.0,0.0,95.26804291051644,0.0,0.0,0.0,1.0210841652497775,74.00000000000001,9.5367431640625e-07,95.26804291051644,9.094947017729282e-13,0.0,0.0,1.6798226672802017,74.0,9.5367431640625e-07,95.26804291051644,9.094947017729282e-13,0.0,0.0
57.94123456596972,75.98767245784437,759.009850234057,93.83586561094666,76.42093860588312,883.9598541257465,237.4791798056961,76.79913701397052,952.1897805294102,1111.779978057784,76.8465330959137,1444.773673531559,7961.2873950274525,76.82048288411606,1797.906525230108,57.94123456596972,75.98767245784437,759.009850234057,93.83586561094666,76.42093860588312,883.9598541257465,237.4791798056961,76.79913701397052,952.1897805294102,1111.779978057784,76.8465330959137,1444.773673531559,7961.2873950274525,76.82048288411606,1797.906525230108,1.000029885505665,74.0,9.5367431640625e-07,74.0,9.094947017729282e-13,0.0,0.0,1.0019287518921207,74.00000000000001,1.3486991523486091e-06,74.00000000000001,1.8189894035458565e-12,0.0,0.0,1.124477862380476,74.0,0.0,74.0,0.0,0.0,0.0,1.81191247088339,74.0,0.0,74.0,0.0,0.0,0.0,1.9793793013861751,74.0,9.5367431640625e-07,74.0,9.094947017729282e-13,0.0,0.0,1.000029885505665,45006.63291262231,67769521937502.27,1.0019287518921207,2898944.2375296354,4357149459175073.0,1.124477862380476,166702113.2443695,2.2324928325786563e+17,1.81191247088339,674795046.1285659,5.60834285162904e+17,1.9793793013861751,745112388.4407836,5.66881969163998e+17,1.000029885505665,74.0,9.5367431640625e-07,74.0,9.094947017729282e-13,0.0,0.0,1.0019287518921207,74.00000000000001,1.3486991523486091e-06,74.00000000000001,1.8189894035458565e-12,0.0,0.0,1.124477862380476,74.0,0.0,74.0,0.0,0.0,0.0,1.81191247088339,74.0,0.0,74.0,0.0,0.0,0.0,1.9793793013861751,74.0,9.5367431640625e-07,74.0,9.094947017729282e-13,0.0,0.0
1.0,60.0,0.0,1.0,60.0,0.0,1.0,60.0,0.0,1.0,60.0,0.0,1.0,60.0,0.0,1.0,60.0,0.0,1.0,60.0,0.0,1.0,60.0,0.0,1.0,60.0,0.0,1.0,60.0,0.0,1.0,60.0,0.0,60.0,0.0,0.0,0.0,1.0,60.0,0.0,60.0,0.0,0.0,0.0,1.0,60.0,0.0,60.0,0.0,0.0,0.0,1.0,60.0,0.0,60.0,0.0,0.0,0.0,1.0,60.0,0.0,60.0,0.0,0.0,0.0,1.0,1505913442.205762,0.0,1.0,1505913442.205762,0.0,1.0,1505913442.205762,0.0,1.0,1505913442.205762,0.0,1.0,1505913442.205762,0.0,1.0,60.0,0.0,60.0,0.0,0.0,0.0,1.0,60.0,0.0,60.0,0.0,0.0,0.0,1.0,60.0,0.0,60.0,0.0,0.0,0.0,1.0,60.0,0.0,60.0,0.0,0.0,0.0,1.0,60.0,0.0,60.0,0.0,0.0,0.0
183.18115147180492,74.03613178150107,18.65945293221193,295.1272639301415,74.28588516760342,190.9717472034509,833.7325387659787,75.60874646001493,1201.3719405617646,6587.643638396843,75.13829176512847,856.9141738619838,15146.144895639824,74.75682924200962,552.5844253620809,183.18115147180492,74.03613178150107,18.65945293221193,295.1272639301415,74.28588516760342,190.9717472034509,833.7325387659787,75.60874646001493,1201.3719405617646,6587.643638396843,75.13829176512847,856.9141738619838,15146.144895639824,74.75682924200962,552.5844253620809,183.1163637578551,73.99866427089137,0.1367421784022059,95.26700537896684,0.0186984233541807,-7.718571039558734e-17,0.0,294.7874580025279,73.99581197235459,0.2421050339689552,95.26478987248144,0.0586148474731089,2.0612522611401439e-16,2.4297430832382846e-10,830.5845873171425,73.99249747113558,0.324004808869248,95.2622153952762,0.1049791161703979,-5.645601716192514e-17,-6.266849005015161e-11,6561.668636156895,73.99744098805809,0.1892607159973396,95.2660551969123,0.0358196186198256,2.985722705764521e-16,4.4210445125086627e-10,15092.880561020273,73.99755740419957,0.1849063950377496,95.26614562260714,0.0341903749258563,-1.4865910669158749e-15,-2.0753795273862223e-09,183.1163637578551,0.0016020461566722,1.2994492905431814e-05,294.7874580025276,0.0016482391521232,1.3772905179309906e-05,830.5845873171454,0.0018903434798899,220687.12785118856,6561.668636156944,22466.842562014543,33832632217745.254,15092.880561020072,79086.75252877537,119091615633807.7,1.0,74.0,0.0,74.0,0.0,0.0,0.0,1.0,74.0,0.0,74.0,0.0,0.0,0.0,1.0,74.0,0.0,74.0,0.0,0.0,0.0,1.0,74.0,0.0,74.0,0.0,0.0,0.0,1.0,74.0,0.0,74.0,0.0,0.0,0.0
87.32399753453328,81.76457424238377,6415.22510415699,117.17105077565262,86.85978315907767,10547.53519948076,200.89123623450223,90.820351655332,13664.878207291318,931.5794093269676,82.55316047860161,6610.938682349988,8637.760217836254,77.2500561841683,2197.8635179224348,87.32399753453328,81.76457424238377,6415.22510415699,117.17105077565262,86.85978315907767,10547.53519948076,200.89123623450223,90.820351655332,13664.878207291318,931.5794093269676,82.55316047860161,6610.938682349988,8637.760217836254,77.2500561841683,2197.8635179224348,1.0,74.0,0.0,74.0,0.0,0.0,0.0,1.0,74.0,0.0,74.0,0.0,0.0,0.0,1.0,74.0,0.0,74.0,0.0,0.0,0.0,1.0,74.0,0.0,74.0,0.0,0.0,0.0,1.0,74.0,0.0,74.0,0.0,0.0,0.0,1.0,1505913151.8478198,0.0,1.0,1505913151.8478198,0.0,1.0,1505913151.8478198,0.0,1.0,1505913151.8478198,0.0,1.0,1505913151.8478198,0.0,1.0,74.0,0.0,74.0,0.0,0.0,0.0,1.0,74.0,0.0,74.0,0.0,0.0,0.0,1.0,74.0,0.0,74.0,0.0,0.0,0.0,1.0,74.0,0.0,74.0,0.0,0.0,0.0,1.0,74.0,0.0,74.0,0.0,0.0,0.0
1.0,60.0,0.0,1.0,60.0,0.0,1.0,60.0,0.0,1.0,60.0,0.0,1.0,60.0,0.0,1.0,60.0,0.0,1.0,60.0,0.0,1.0,60.0,0.0,1.0,60.0,0.0,1.0,60.0,0.0,1.0,60.0,0.0,60.0,0.0,0.0,0.0,1.0,60.0,0.0,60.0,0.0,0.0,0.0,1.0,60.0,0.0,60.0,0.0,0.0,0.0,1.0,60.0,0.0,60.0,0.0,0.0,0.0,1.0,60.0,0.0,60.0,0.0,0.0,0.0,1.0,1505913426.594813,0.0,1.0,1505913426.594813,0.0,1.0,1505913426.594813,0.0,1.0,1505913426.594813,0.0,1.0,1505913426.594813,0.0,1.0,60.0,0.0,60.0,0.0,0.0,0.0,1.0,60.0,0.0,60.0,0.0,0.0,0.0,1.0,60.0,0.0,60.0,0.0,0.0,0.0,1.0,60.0,0.0,60.0,0.0,0.0,0.0,1.0,60.0,0.0,60.0,0.0,0.0,0.0
1.0,60.0,0.0,1.0,60.0,0.0,1.0,60.0,0.0,1.0,60.0,0.0,1.0,60.0,0.0,1.0,60.0,0.0,1.0,60.0,0.0,1.0,60.0,0.0,1.0,60.0,0.0,1.0,60.0,0.0,1.0,60.0,0.0,60.0,0.0,0.0,0.0,1.0,60.0,0.0,60.0,0.0,0.0,0.0,1.0,60.0,0.0,60.0,0.0,0.0,0.0,1.0,60.0,0.0,60.0,0.0,0.0,0.0,1.0,60.0,0.0,60.0,0.0,0.0,0.0,1.0,1505913586.587354,0.0,1.0,1505913586.587354,0.0,1.0,1505913586.587354,0.0,1.0,1505913586.587354,0.0,1.0,1505913586.587354,0.0,1.0,60.0,0.0,60.0,0.0,0.0,0.0,1.0,60.0,0.0,60.0,0.0,0.0,0.0,1.0,60.0,0.0,60.0,0.0,0.0,0.0,1.0,60.0,0.0,60.0,0.0,0.0,0.0,1.0,60.0,0.0,60.0,0.0,0.0,0.0
1.0,60.0,0.0,1.0,60.0,0.0,1.0,60.0,0.0,1.0,60.0,0.0,1.0,60.0,0.0,1.0,60.0,0.0,1.0,60.0,0.0,1.0,60.0,0.0,1.0,60.0,0.0,1.0,60.0,0.0,1.0,60.0,0.0,60.0,0.0,0.0,0.0,1.0,60.0,0.0,60.0,0.0,0.0,0.0,1.0,60.0,0.0,60.0,0.0,0.0,0.0,1.0,60.0,0.0,60.0,0.0,0.0,0.0,1.0,60.0,0.0,60.0,0.0,0.0,0.0,1.0,1505913426.315426,0.0,1.0,1505913426.315426,0.0,1.0,1505913426.315426,0.0,1.0,1505913426.315426,0.0,1.0,1505913426.315426,0.0,1.0,60.0,0.0,60.0,0.0,0.0,0.0,1.0,60.0,0.0,60.0,0.0,0.0,0.0,1.0,60.0,0.0,60.0,0.0,0.0,0.0,1.0,60.0,0.0,60.0,0.0,0.0,0.0,1.0,60.0,0.0,60.0,0.0,0.0,0.0
1.0,60.0,0.0,1.0,60.0,0.0,1.0,60.0,0.0,1.0,60.0,0.0,1.0,60.0,0.0,1.0,60.0,0.0,1.0,60.0,0.0,1.0,60.0,0.0,1.0,60.0,0.0,1.0,60.0,0.0,1.0,60.0,0.0,60.0,0.0,0.0,0.0,1.0,60.0,0.0,60.0,0.0,0.0,0.0,1.0,60.0,0.0,60.0,0.0,0.0,0.0,1.0,60.0,0.0,60.0,0.0,0.0,0.0,1.0,60.0,0.0,60.0,0.0,0.0,0.0,1.0,1505913460.0973349,0.0,1.0,1505913460.0973349,0.0,1.0,1505913460.0973349,0.0,1.0,1505913460.0973349,0.0,1.0,1505913460.0973349,0.0,1.0,60.0,0.0,60.0,0.0,0.0,0.0,1.0,60.0,0.0,60.0,0.0,0.0,0.0,1.0,60.0,0.0,60.0,0.0,0.0,0.0,1.0,60.0,0.0,60.0,0.0,0.0,0.0,1.0,60.0,0.0,60.0,0.0,0.0,0.0
1.0,60.0,0.0,1.0,60.0,0.0,1.0,60.0,0.0,1.0,60.0,0.0,1.0,60.0,0.0,1.0,60.0,0.0,1.0,60.0,0.0,1.0,60.0,0.0,1.0,60.0,0.0,1.0,60.0,0.0,1.0,60.0,0.0,60.0,0.0,0.0,0.0,1.0,60.0,0.0,60.0,0.0,0.0,0.0,1.0,60.0,0.0,60.0,0.0,0.0,0.0,1.0,60.0,0.0,60.0,0.0,0.0,0.0,1.0,60.0,0.0,60.0,0.0,0.0,0.0,1.0,1505913467.37098,0.0,1.0,1505913467.37098,0.0,1.0,1505913467.37098,0.0,1.0,1505913467.37098,0.0,1.0,1505913467.37098,0.0,1.0,60.0,0.0,60.0,0.0,0.0,0.0,1.0,60.0,0.0,60.0,0.0,0.0,0.0,1.0,60.0,0.0,60.0,0.0,0.0,0.0,1.0,60.0,0.0,60.0,0.0,0.0,0.0,1.0,60.0,0.0,60.0,0.0,0.0,0.0
1.0,60.0,0.0,1.0,60.0,0.0,1.0,60.0,0.0,1.0,60.0,0.0,1.0,60.0,0.0,1.0,60.0,0.0,1.0,60.0,0.0,1.0,60.0,0.0,1.0,60.0,0.0,1.0,60.0,0.0,1.0,60.0,0.0,60.0,0.0,0.0,0.0,1.0,60.0,0.0,60.0,0.0,0.0,0.0,1.0,60.0,0.0,60.0,0.0,0.0,0.0,1.0,60.0,0.0,60.0,0.0,0.0,0.0,1.0,60.0,0.0,60.0,0.0,0.0,0.0,1.0,1505913443.437359,0.0,1.0,1505913443.437359,0.0,1.0,1505913443.437359,0.0,1.0,1505913443.437359,0.0,1.0,1505913443.437359,0.0,1.0,60.0,0.0,60.0,0.0,0.0,0.0,1.0,60.0,0.0,60.0,0.0,0.0,0.0,1.0,60.0,0.0,60.0,0.0,0.0,0.0,1.0,60.0,0.0,60.0,0.0,0.0,0.0,1.0,60.0,0.0,60.0,0.0,0.0,0.0
1.0,60.0,0.0,1.0,60.0,0.0,1.0,60.0,0.0,1.0,60.0,0.0,1.0,60.0,0.0,1.0,60.0,0.0,1.0,60.0,0.0,1.0,60.0,0.0,1.0,60.0,0.0,1.0,60.0,0.0,1.0,60.0,0.0,60.0,0.0,0.0,0.0,1.0,60.0,0.0,60.0,0.0,0.0,0.0,1.0,60.0,0.0,60.0,0.0,0.0,0.0,1.0,60.0,0.0,60.0,0.0,0.0,0.0,1.0,60.0,0.0,60.0,0.0,0.0,0.0,1.0,1505913580.512466,0.0,1.0,1505913580.512466,0.0,1.0,1505913580.512466,0.0,1.0,1505913580.512466,0.0,1.0,1505913580.512466,0.0,1.0,60.0,0.0,60.0,0.0,0.0,0.0,1.0,60.0,0.0,60.0,0.0,0.0,0.0,1.0,60.0,0.0,60.0,0.0,0.0,0.0,1.0,60.0,0.0,60.0,0.0,0.0,0.0,1.0,60.0,0.0,60.0,0.0,0.0,0.0
174.83159363588666,74.01119056268206,0.2684483264074515,284.75209481043663,74.02085408685808,0.5003014853300556,828.5822590570447,74.03863716334618,2.083741343530164,6893.307777787658,74.09135990597974,18.644383975968594,13313.367872615278,74.09465438212405,21.026479413601013,174.83159363588666,74.01119056268206,0.2684483264074515,284.75209481043663,74.02085408685808,0.5003014853300556,828.5822590570447,74.03863716334618,2.083741343530164,6893.307777787658,74.09135990597974,18.644383975968594,13313.367872615278,74.09465438212405,21.026479413601013,174.75007429184208,74.0,1.9073486328125e-06,95.26804291051646,4.067383956680332e-12,-4.6104882874059475e-28,-1.792263069950155e-16,284.5046531690251,73.99999999999986,4.1569699702650776e-06,95.2680429105163,1.7429345368088252e-11,5.0417973294537776e-27,8.043376642561268e-16,827.3521986905107,73.99999995835867,0.0007635275243272,95.2680428781714,5.829742810652885e-07,-3.31940671721936e-21,-8.254404828945513e-13,6873.21539288376,73.99895527051929,0.1209343676282255,95.26723141315838,0.0146251212736387,2.2984376350784136e-16,3.443186096845193e-10,13272.243420738272,73.99815874360009,0.1605434500661675,95.26661271108088,0.025774199359148,4.675912605170915e-16,4.712475027571501e-10,174.75007429184197,0.0016795168181246,1.4446267881649495e-05,284.5046531690253,0.0017143608306898,2.195030224650728e-05,827.3521986905168,0.0715031313956832,105032115.03721148,6873.215392883813,39717.45523097434,59809484862847.69,13272.243420738112,95651.0876496376,144033143574004.72,1.0,74.0,0.0,74.0,0.0,0.0,0.0,1.0,74.0,0.0,74.0,0.0,0.0,0.0,1.0,74.0,0.0,74.0,0.0,0.0,0.0,1.0,74.0,0.0,74.0,0.0,0.0,0.0,1.0,74.0,0.0,74.0,0.0,0.0,0.0
1.0,60.0,0.0,1.0,60.0,0.0,1.0,60.0,0.0,1.0,60.0,0.0,1.0,60.0,0.0,1.0,60.0,0.0,1.0,60.0,0.0,1.0,60.0,0.0,1.0,60.0,0.0,1.0,60.0,0.0,1.0,60.0,0.0,60.0,0.0,0.0,0.0,1.0,60.0,0.0,60.0,0.0,0.0,0.0,1.0,60.0,0.0,60.0,0.0,0.0,0.0,1.0,60.0,0.0,60.0,0.0,0.0,0.0,1.0,60.0,0.0,60.0,0.0,0.0,0.0,1.0,1505913578.339998,0.0,1.0,1505913578.339998,0.0,1.0,1505913578.339998,0.0,1.0,1505913578.339998,0.0,1.0,1505913578.339998,0.0,1.0,60.0,0.0,60.0,0.0,0.0,0.0,1.0,60.0,0.0,60.0,0.0,0.0,0.0,1.0,60.0,0.0,60.0,0.0,0.0,0.0,1.0,60.0,0.0,60.0,0.0,0.0,0.0,1.0,60.0,0.0,60.0,0.0,0.0,0.0
1.0,60.0,0.0,1.0,60.0,0.0,1.0,60.0,0.0,1.0,60.0,0.0,1.0,60.0,0.0,1.0,60.0,0.0,1.0,60.0,0.0,1.0,60.0,0.0,1.0,60.0,0.0,1.0,60.0,0.0,1.0,60.0,0.0,60.0,0.0,0.0,0.0,1.0,60.0,0.0,60.0,0.0,0.0,0.0,1.0,60.0,0.0,60.0,0.0,0.0,0.0,1.0,60.0,0.0,60.0,0.0,0.0,0.0,1.0,60.0,0.0,60.0,0.0,0.0,0.0,1.0,1505913547.384532,0.0,1.0,1505913547.384532,0.0,1.0,1505913547.384532,0.0,1.0,1505913547.384532,0.0,1.0,1505913547.384532,0.0,1.0,60.0,0.0,60.0,0.0,0.0,0.0,1.0,60.0,0.0,60.0,0.0,0.0,0.0,1.0,60.0,0.0,60.0,0.0,0.0,0.0,1.0,60.0,0.0,60.0,0.0,0.0,0.0,1.0,60.0,0.0,60.0,0.0,0.0,0.0
1.0,60.0,0.0,1.0,60.0,0.0,1.0,60.0,0.0,1.0,60.0,0.0,1.0,60.0,0.0,1.0,60.0,0.0,1.0,60.0,0.0,1.0,60.0,0.0,1.0,60.0,0.0,1.0,60.0,0.0,1.0,60.0,0.0,60.0,0.0,0.0,0.0,1.0,60.0,0.0,60.0,0.0,0.0,0.0,1.0,60.0,0.0,60.0,0.0,0.0,0.0,1.0,60.0,0.0,60.0,0.0,0.0,0.0,1.0,60.0,0.0,60.0,0.0,0.0,0.0,1.0,1505913458.602955,0.0,1.0,1505913458.602955,0.0,1.0,1505913458.602955,0.0,1.0,1505913458.602955,0.0,1.0,1505913458.602955,0.0,1.0,60.0,0.0,60.0,0.0,0.0,0.0,1.0,60.0,0.0,60.0,0.0,0.0,0.0,1.0,60.0,0.0,60.0,0.0,0.0,0.0,1.0,60.0,0.0,60.0,0.0,0.0,0.0,1.0,60.0,0.0,60.0,0.0,0.0,0.0
2.6291408402406367,83.34434991270119,138.88548139692193,5.112688490259706,78.93520321115055,107.49021164582972,38.24878088293659,74.50713807494064,38.20765765540817,904.3663233226156,74.6706422716289,182.5341046162521,8640.74296523336,76.2169457578996,1356.6179266133176,2.6291408402406367,83.34434991270119,138.88548139692193,5.112688490259706,78.93520321115055,107.49021164582972,38.24878088293659,74.50713807494064,38.20765765540817,904.3663233226156,74.6706422716289,182.5341046162521,8640.74296523336,76.2169457578996,1356.6179266133176,1.0299518792979243,97.99998047913614,0.0272358669075557,138.59244498826763,0.0252855838416077,0.0003513050144629,0.0811334857653934,1.1362441896709332,97.99426634782536,0.4667396574853689,138.55525351720942,1.8178208504302416,0.1149788822376927,0.1833742762202213,2.026859837662775,96.95848302275672,6.2042636566605625,136.40770907358308,83.18951141239306,26.15570885317874,0.4909085862895925,15.503907351085484,95.81809409308508,8.840345642345545,135.40135732368734,114.125641055544,70.23048393143111,0.8711188491034315,137.18923504051173,96.0604862986166,8.363002287140182,135.84422689946226,99.26427575434312,67.83854815823346,0.9665049491957644,1.0299518792979243,1.0207630125185303,1.419324902718344e-06,1.1362441896709332,1.0203608944687148,0.0001633036223092,2.026859837662775,0.9917405941336755,0.0250742120656135,15.503907351085491,0.9645981990662198,1561306.7001965789,137.18923504051176,877633.5919649719,1320867936077626.0,1.0299513502044926,98.0,0.0,138.5929291125633,0.0,-1.1841519068006709e-49,0.0,1.1360727468033267,98.0,0.0,138.5929291125633,3.637978807091713e-12,-4.6259687555206575e-30,0.0,1.9713069710465023,98.0,0.0,138.5929291125633,1.8189894035458565e-12,-8.156243652982655e-30,0.0,14.613695060832974,98.00000000000004,2.3360154559928683e-06,138.59292911256335,5.752149554916067e-12,-2.609546772394569e-28,-8.282744960294884e-17,130.18711922358048,97.99999999999996,1.3486991523486091e-06,138.59292911256335,5.752149554916067e-12,-6.258593252363956e-29,-1.9864879322314396e-17
1.0,60.0,0.0,1.0,60.0,0.0,1.0,60.0,0.0,1.0,60.0,0.0,1.0,60.0,0.0,1.0,60.0,0.0,1.0,60.0,0.0,1.0,60.0,0.0,1.0,60.0,0.0,1.0,60.0,0.0,1.0,60.0,0.0,60.0,0.0,0.0,0.0,1.0,60.0,0.0,60.0,0.0,0.0,0.0,1.0,60.0,0.0,60.0,0.0,0.0,0.0,1.0,60.0,0.0,60.0,0.0,0.0,0.0,1.0,60.0,0.0,60.0,0.0,0.0,0.0,1.0,1505913566.548179,0.0,1.0,1505913566.548179,0.0,1.0,1505913566.548179,0.0,1.0,1505913566.548179,0.0,1.0,1505913566.548179,0.0,1.0,60.0,0.0,60.0,0.0,0.0,0.0,1.0,60.0,0.0,60.0,0.0,0.0,0.0,1.0,60.0,0.0,60.0,0.0,0.0,0.0,1.0,60.0,0.0,60.0,0.0,0.0,0.0,1.0,60.0,0.0,60.0,0.0,0.0,0.0
1.0,60.0,0.0,1.0,60.0,0.0,1.0,60.0,0.0,1.0,60.0,0.0,1.0,60.0,0.0,1.0,60.0,0.0,1.0,60.0,0.0,1.0,60.0,0.0,1.0,60.0,0.0,1.0,60.0,0.0,1.0,60.0,0.0,60.0,0.0,0.0,0.0,1.0,60.0,0.0,60.0,0.0,0.0,0.0,1.0,60.0,0.0,60.0,0.0,0.0,0.0,1.0,60.0,0.0,60.0,0.0,0.0,0.0,1.0,60.0,0.0,60.0,0.0,0.0,0.0,1.0,1505913535.055582,0.0,1.0,1505913535.055582,0.0,1.0,1505913535.055582,0.0,1.0,1505913535.055582,0.0,1.0,1505913535.055582,0.0,1.0,60.0,0.0,60.0,0.0,0.0,0.0,1.0,60.0,0.0,60.0,0.0,0.0,0.0,1.0,60.0,0.0,60.0,0.0,0.0,0.0,1.0,60.0,0.0,60.0,0.0,0.0,0.0,1.0,60.0,0.0,60.0,0.0,0.0,0.0
